download,upload,ping,time
1684547.8969,1405873.83182,380.474,37.4865248203
